CRIM,ZN,INDUS,CHAS,NOX,RM,AGE,DIS,RAD,TAX,PTRATIO,B,LSTAT,MEDV
0.1396,0.0,8.56,0,,6.167,90.0,2.421,5,384.0,,392.69,,86.0660335294968
0.0351,95.0,2.68,0,,7.853,33.2,5.118,4,224.0,,392.78,,207.70005687846765
15.8744,0.0,18.1,0,,6.545,99.1,1.5192,24,666.0,,396.9,21.08,46.68934923020518
0.18337,0.0,27.74,0,,5.414,98.3,1.7554,4,711.0,,344.05,23.97,29.980669480245425
0.12816,12.5,6.07,0,,5.885,33.0,6.498,4,345.0,,396.9,,89.46127472267845
7.40389,0.0,18.1,0,,5.617,97.9,1.4547,24,666.0,,314.64,26.4,73.75821628799845
0.03548,80.0,3.64,0,,5.876,19.1,9.2203,1,315.0,,395.18,,89.5826886739847
11.5779,0.0,18.1,0,,5.036,97.0,1.77,24,666.0,,396.9,25.68,41.53875244545348
0.26169,0.0,9.9,0,,6.023,90.4,2.834,4,304.0,,396.3,,83.19418362437355
0.44791,0.0,6.2,1,,6.726,66.5,3.6519,8,307.0,,360.2,,124.27493023973318
4.81213,0.0,18.1,0,0.713,6.701,90.0,2.5975,24,666.0,20.2,255.23,,70.30934050876428
0.34109,0.0,7.38,0,,6.415,40.1,4.7211,5,287.0,19.6,396.9,,107.1012551997701
0.02875,28.0,15.04,0,,6.211,28.9,3.6659,4,270.0,18.2,396.33,,107.18347747973844
0.35233,0.0,21.89,0,,6.454,98.4,1.8498,4,437.0,21.2,394.08,,73.21645056736543
0.07022,0.0,4.05,0,,6.02,47.2,3.5549,5,296.0,16.6,393.23,,99.39861331287238
25.9406,0.0,18.1,0,,5.304,89.1,1.6475,24,666.0,20.2,127.36,26.64,44.59025248731203
1.19294,0.0,21.89,0,,6.326,97.7,2.271,4,437.0,21.2,396.9,,83.92318147539109
0.06162,0.0,4.39,0,,5.898,52.3,8.0136,3,352.0,18.8,364.61,,73.71711611183099
4.55587,0.0,18.1,0,0.718,3.561,87.9,1.6132,24,666.0,20.2,354.7,,117.87600081588016
0.59005,0.0,21.89,0,,6.372,97.9,2.3274,4,437.0,21.2,385.76,,98.61335073183163
9.2323,0.0,18.1,0,,6.216,100.0,1.1691,24,666.0,20.2,366.15,,214.34410393293334
18.811,0.0,18.1,0,,4.628,100.0,1.5539,24,666.0,20.2,28.79,34.37,76.64051245269846
14.4208,0.0,18.1,0,0.74,6.461,93.3,2.0026,24,666.0,20.2,27.49,18.05,41.12452029160635
14.0507,0.0,18.1,0,,6.657,100.0,1.5275,24,666.0,20.2,35.05,21.22,73.67595467076562
0.05188,0.0,4.49,0,,6.015,45.1,4.4272,3,247.0,18.5,395.99,,96.49865391055593
0.09512,0.0,12.83,0,,6.286,45.0,4.5026,5,398.0,18.7,383.23,,91.6522176655636
15.0234,0.0,18.1,0,,5.304,97.3,2.1007,24,666.0,20.2,349.48,24.91,51.42387122560069
0.62739,0.0,8.14,0,,5.834,56.5,4.4986,4,307.0,21.0,395.62,,85.17266592604656
0.03466,35.0,6.06,0,,6.031,23.3,6.6407,1,304.0,16.9,362.25,,83.198449333261
7.05042,0.0,18.1,0,,6.103,85.1,2.0218,24,666.0,20.2,2.52,23.29,57.47604042733803
0.7258,0.0,8.14,0,,5.727,69.5,3.7965,4,307.0,21.0,390.95,,78.02623070337263
0.19186,0.0,7.38,0,,6.431,14.7,5.4159,5,287.0,19.6,393.68,,105.43385792635864
0.03961,0.0,5.19,0,,6.037,34.5,5.9853,5,224.0,20.2,396.9,,90.43432864980113
0.02055,85.0,0.74,0,,6.383,35.7,9.1876,2,313.0,17.3,396.9,,105.83732302619457
15.1772,0.0,18.1,0,0.74,6.152,100.0,1.9142,24,666.0,20.2,9.32,26.45,37.28371947578368
14.4383,0.0,18.1,0,,6.852,100.0,1.4655,24,666.0,20.2,179.36,19.78,117.8834171671725
0.03738,0.0,5.19,,,6.31,38.5,6.4584,5,224.0,20.2,389.4,,88.7178014151015
0.06888,0.0,2.46,0,,6.144,62.2,2.5979,3,193.0,17.8,396.9,,155.00853000996466
0.41238,0.0,6.2,0,,7.163,79.9,3.2157,8,307.0,17.4,372.08,,135.25380417327324
13.9134,0.0,18.1,0,0.713,6.208,95.0,2.2222,24,666.0,20.2,100.63,,50.147350321243344
0.06588,0.0,2.46,0,,7.765,83.3,2.741,3,193.0,17.8,395.56,,170.6408431307883
0.84054,0.0,8.14,0,,5.599,85.7,4.4546,4,307.0,21.0,303.42,,59.54643658953512
0.17331,0.0,9.69,0,,5.707,54.0,2.3817,6,391.0,19.2,396.9,,93.39654697869281
0.08244,30.0,4.93,0,,6.481,18.5,6.1899,6,300.0,16.6,379.41,,101.52079892017001
0.20608,22.0,5.86,0,,5.593,76.5,7.9549,7,330.0,19.1,372.49,,75.33524829516917
0.1403,22.0,5.86,0,,6.487,13.0,7.3967,7,330.0,19.1,396.28,,104.58245151797445
73.5341,0.0,18.1,0,,5.957,100.0,1.8026,24,666.0,20.2,16.45,20.62,37.67196238918527
0.15098,0.0,10.01,0,,6.021,82.6,2.7474,6,432.0,17.8,394.51,,82.21308151000076
0.1415,0.0,6.91,0,,6.169,6.6,5.7209,3,233.0,17.9,383.37,,108.31444570679487
0.35114,0.0,7.38,0,,6.041,49.9,4.7211,5,287.0,19.6,396.9,,87.40118173931863
0.0187,85.0,4.15,0,,6.516,27.7,8.5353,4,351.0,17.9,392.43,,99.0871227549707
0.09103,0.0,2.46,0,,7.155,92.2,2.7006,3,193.0,17.8,394.12,,162.5410185463129
3.53501,0.0,19.58,1,0.871,6.152,82.6,1.7455,5,403.0,14.7,88.01,,66.76816059885593
0.03578,20.0,3.33,0,,7.82,64.5,4.6947,5,216.0,14.9,387.31,,194.60858141073373
0.38735,0.0,25.65,0,,5.613,95.6,1.7572,2,188.0,19.1,359.29,27.26,67.24048484287769
0.06724,0.0,3.24,0,,6.333,17.2,5.2146,4,430.0,16.9,375.21,,96.87537985348989
1.35472,0.0,8.14,0,,6.072,100.0,4.175,4,307.0,21.0,376.73,,62.20243792468661
0.22212,0.0,10.01,0,,6.092,95.4,2.548,6,432.0,17.8,396.9,,80.03620946084678
2.33099,0.0,19.58,0,0.871,5.186,93.8,1.5296,5,403.0,14.7,356.99,28.32,76.28980246294269
6.44405,0.0,18.1,0,,6.425,74.8,2.2004,24,666.0,20.2,97.95,,68.9608693776895
0.03306,0.0,5.19,0,,6.059,37.3,4.8122,5,224.0,20.2,396.14,,88.2163428518819
0.01432,100.0,1.32,0,,6.816,40.5,8.3248,5,256.0,15.1,392.9,,135.56284210515494
0.01439,60.0,2.93,0,,6.604,18.8,6.2196,1,265.0,15.6,376.7,,124.77986816790845
0.75026,0.0,8.14,0,,5.924,94.1,4.3996,4,307.0,21.0,394.33,,66.78507694539394
0.7842,0.0,8.14,0,,5.99,81.7,4.2579,4,307.0,21.0,386.75,,74.9519755033796
0.06466,70.0,2.24,0,,6.345,20.1,7.8278,5,358.0,14.8,368.24,,96.42224261775675
0.04379,80.0,3.37,0,,5.787,31.1,6.6115,4,337.0,16.1,396.9,,83.1078869346196
0.37578,0.0,10.59,1,,5.404,88.6,3.665,4,277.0,18.6,395.24,23.98,82.79397982162877
41.5292,0.0,18.1,0,,5.531,85.4,1.6074,24,666.0,20.2,329.46,27.38,36.4476183815942
0.04294,28.0,15.04,0,,6.249,77.3,3.615,4,270.0,18.2,396.9,,88.27537962430918
1.41385,0.0,19.58,1,0.871,6.129,96.0,1.7494,5,403.0,14.7,321.02,,72.80292648744702
9.72418,0.0,18.1,0,0.74,6.406,97.2,2.0651,24,666.0,20.2,385.96,19.52,73.19050806675492
0.98843,0.0,8.14,0,,5.813,100.0,4.0952,4,307.0,21.0,394.54,19.88,62.066539598196954
0.52693,0.0,6.2,0,,8.725,83.0,2.8944,8,307.0,17.4,382.0,,214.05139620224634
5.58107,0.0,18.1,0,0.713,6.436,87.9,2.3158,24,666.0,20.2,100.19,,61.294119851011075
9.92485,0.0,18.1,0,0.74,6.251,96.6,2.198,24,666.0,20.2,388.52,,53.99633782178745
0.02985,0.0,2.18,0,,6.43,58.7,6.0622,3,,18.7,394.12,,122.86141195884612
0.13158,0.0,10.01,0,,6.176,72.5,2.7301,6,432.0,17.8,393.3,,90.79084192610794
0.17142,0.0,6.91,0,,5.682,33.8,5.1004,3,233.0,17.9,396.9,,82.61108926392335
1.05393,0.0,8.14,0,,5.935,29.3,4.4986,4,307.0,21.0,386.85,,98.97594878707021
15.5757,0.0,18.1,0,,5.926,71.0,2.9084,24,666.0,20.2,368.74,18.13,81.82059423120702
4.54192,0.0,18.1,0,0.77,6.398,88.0,2.5182,24,666.0,20.2,374.56,,107.00854694148481
0.03237,0.0,2.18,0,,6.998,45.8,6.0622,3,222.0,18.7,394.63,,142.95516813483192
67.9208,0.0,18.1,0,,5.683,100.0,1.4254,24,666.0,20.2,384.97,22.98,21.445933889849677
0.06047,0.0,2.46,0,,6.153,68.8,3.2797,3,193.0,17.8,387.11,,126.82757360819036
0.14932,25.0,5.13,0,,5.741,66.2,7.2254,8,284.0,19.7,395.11,,80.15248929060887
0.10793,0.0,8.56,0,,6.195,54.4,2.7778,5,384.0,20.9,393.49,,93.05392848107756
0.18159,0.0,7.38,,,6.376,54.3,4.5404,5,287.0,19.6,396.9,,98.88396967360913
0.76162,20.0,3.97,0,,5.56,62.8,1.9865,5,264.0,13.0,392.4,,97.62139188166562
1.00245,0.0,8.14,0,,6.674,87.3,4.239,4,307.0,21.0,380.23,,89.93438635683638
0.52014,20.0,3.97,0,,8.398,91.5,2.2885,5,264.0,13.0,386.86,,209.2465102860684
10.233,0.0,18.1,0,,6.185,96.7,2.1705,24,666.0,20.2,379.7,18.03,62.57281607977637
0.67191,0.0,8.14,0,,5.813,90.3,4.682,4,307.0,21.0,376.88,,71.0686566345113
0.14455,12.5,7.87,0,,6.172,96.1,5.9505,5,311.0,15.2,396.9,19.15,116.11802073957813
0.11132,0.0,27.74,0,,5.983,83.5,2.1099,4,711.0,20.1,396.9,,86.21246825032345
0.12802,0.0,8.56,0,,6.474,97.1,2.4329,5,384.0,20.9,395.24,,84.91805615308519
0.08014,0.0,5.96,0,,5.85,41.5,3.9342,5,279.0,19.2,396.9,,89.89364714599141
1.22358,0.0,19.58,0,,6.943,97.4,1.8773,5,403.0,14.7,363.43,,176.9575067791254
3.56868,0.0,18.1,0,,6.437,75.0,2.8965,24,666.0,20.2,393.37,,99.33458893299641
0.13058,0.0,10.01,0,,5.872,73.1,2.4775,6,432.0,17.8,338.63,,87.32915603779146
0.14231,0.0,10.01,0,,6.254,84.2,2.2565,6,432.0,17.8,388.74,,79.28289362098235
0.06664,0.0,4.05,0,,6.546,33.1,3.1323,5,296.0,16.6,390.96,,126.05546765906081
0.08664,45.0,3.44,0,,7.178,26.3,6.4798,5,,15.2,390.49,,155.9850489993171
0.1146,20.0,6.96,0,,6.538,58.7,3.9175,3,223.0,18.6,394.96,,104.51228025482678
2.77974,0.0,19.58,0,0.871,4.903,97.8,1.3459,5,403.0,14.7,396.9,29.29,50.62083750798458
11.1081,0.0,18.1,0,,4.906,100.0,1.1742,24,666.0,20.2,396.9,34.77,59.13022579725972
7.99248,0.0,18.1,0,,5.52,100.0,1.5331,24,666.0,20.2,396.9,24.56,52.65946620595223
8.98296,0.0,18.1,1,0.77,6.212,97.4,2.1222,24,666.0,20.2,377.73,,76.26345361907924
0.06127,40.0,6.41,1,,6.826,27.6,4.8628,4,254.0,17.6,393.45,,141.68245200870115
0.35809,0.0,6.2,1,,6.951,88.5,2.8617,8,307.0,17.4,391.7,,114.53035718635633
6.71772,0.0,18.1,0,0.713,6.749,92.6,2.3236,24,666.0,20.2,0.32,,57.474507693137504
1.62864,0.0,21.89,0,,5.019,100.0,1.4394,4,437.0,21.2,396.9,34.41,61.640340546320466
5.66998,0.0,18.1,1,,6.683,96.8,1.3567,24,666.0,20.2,375.33,,214.051654478562
0.05789,12.5,6.07,0,,5.878,21.4,6.498,4,,18.9,396.21,,94.22005106246839
3.83684,0.0,18.1,0,0.77,6.251,91.1,2.2955,24,666.0,20.2,350.65,,85.36835190309107
2.3004,0.0,19.58,,,6.319,96.1,2.1,5,403.0,14.7,297.09,,102.07059692876268
0.17783,0.0,9.69,,,5.569,73.5,2.3999,6,391.0,19.2,395.77,,74.90045220259788
13.3598,0.0,18.1,0,,5.887,94.7,1.7821,24,666.0,20.2,396.9,,54.38842392864051
25.0461,0.0,18.1,0,,5.987,100.0,1.5888,24,666.0,20.2,396.9,26.77,24.014529122715135
0.02187,60.0,2.93,0,,6.8,9.9,6.2196,1,265.0,15.6,393.37,,133.11355504856078
0.19073,22.0,5.86,0,,6.718,17.5,7.8265,7,330.0,19.1,393.74,,112.29183147899278
0.26363,0.0,8.56,0,,6.229,91.2,2.5451,5,384.0,20.9,391.23,,83.03299816312641
11.0874,0.0,18.1,0,0.718,6.411,100.0,1.8589,24,666.0,20.2,318.75,,71.49422130850488
2.37934,0.0,19.58,0,0.871,6.13,100.0,1.4191,5,403.0,14.7,172.91,27.8,59.15729521149178
0.04203,28.0,15.04,0,,6.442,53.6,3.6659,4,270.0,18.2,395.01,,98.2099688695904
1.12658,0.0,19.58,1,0.871,5.012,88.0,1.6102,5,403.0,14.7,343.28,,65.54089052997352
0.62356,0.0,6.2,1,,6.879,77.7,3.2721,8,307.0,17.4,390.39,,117.89917845973477
0.05515,33.0,2.18,,,7.236,41.1,4.022,7,222.0,18.4,393.68,,154.72377820705736
0.03551,25.0,4.86,0,,6.167,46.7,5.4007,4,281.0,19.0,390.64,,98.21683590419168
0.16439,22.0,5.86,0,,6.433,49.1,7.8265,7,330.0,19.1,374.71,,105.07957421915785
2.924,0.0,19.58,0,,6.101,93.0,2.2834,5,403.0,14.7,240.16,,107.19320569500421
1.51902,0.0,19.58,1,,8.375,93.9,2.162,5,403.0,14.7,388.45,,214.14918721549503
0.0315,95.0,1.47,0,,6.975,15.3,7.6534,3,402.0,17.0,396.9,,149.53327195447721
0.46296,0.0,6.2,0,,7.412,76.9,3.6715,8,307.0,17.4,376.14,,135.92193010124637
0.07896,0.0,12.83,0,,6.273,6.0,4.2515,5,398.0,18.7,394.92,,103.32518624974017
0.79041,0.0,9.9,0,,6.122,52.8,2.6403,4,304.0,18.4,396.9,,94.69094463035148
4.75237,0.0,18.1,0,0.713,6.525,86.5,2.4358,24,666.0,20.2,50.92,18.13,60.38269582189052
0.36894,22.0,5.86,0,,8.259,8.4,8.9067,7,330.0,19.1,396.9,,183.58426637694816
0.14476,0.0,10.01,0,,5.731,65.2,2.7592,6,432.0,17.8,391.5,,82.66700168026514
0.00906,90.0,2.97,0,,7.088,20.8,7.3073,1,285.0,15.3,394.72,,137.84225152963592
0.09266,34.0,6.09,0,,6.495,18.4,5.4917,7,329.0,16.1,383.61,,113.09641600484015
2.81838,0.0,18.1,0,,5.762,40.3,4.0983,24,666.0,20.2,392.92,,93.48345193539986
3.8497,0.0,18.1,1,0.77,6.395,91.0,2.5052,24,666.0,20.2,391.34,,93.06353491055529
24.8017,0.0,18.1,0,,5.349,96.0,1.7028,24,666.0,20.2,396.9,19.77,35.53338811498336
0.29819,0.0,6.2,0,,7.686,17.0,3.3751,8,307.0,17.4,377.51,,200.10126043018462
0.53412,20.0,3.97,0,,7.52,89.4,2.1398,5,,13.0,388.37,,184.72551209679438
0.51183,0.0,6.2,0,,7.358,71.6,4.148,8,307.0,17.4,390.07,,135.0797219247725
24.3938,0.0,18.1,0,,4.652,100.0,1.4672,24,666.0,20.2,396.9,28.28,45.03868107815232
4.87141,0.0,18.1,0,,6.484,93.6,2.3053,24,666.0,20.2,396.21,18.68,71.63124418152948
0.09744,0.0,5.96,0,,5.841,61.4,3.3779,5,279.0,19.2,377.56,,85.74867056457873
0.04011,80.0,1.52,0,,7.287,34.1,7.309,2,329.0,12.6,396.9,,142.82764139964164
0.54452,0.0,21.89,,,6.151,97.9,1.6687,4,437.0,21.2,396.9,18.46,76.31012581681928
4.89822,0.0,18.1,0,,4.97,100.0,1.3325,24,666.0,20.2,375.52,,214.04427779211161
0.19657,22.0,5.86,0,,6.226,79.2,8.0555,7,330.0,19.1,376.14,,87.76546509317926
0.03871,52.5,5.32,0,,6.209,31.3,7.3172,6,293.0,16.6,396.9,,99.3930687509709
23.6482,0.0,18.1,0,,6.38,96.2,1.3861,24,666.0,20.2,396.9,23.69,56.14399470209011
0.10328,25.0,5.13,,,5.927,47.2,6.932,8,284.0,19.7,396.9,,83.97882262665027
0.10084,0.0,10.01,0,,6.715,81.6,2.6775,6,432.0,17.8,395.59,,97.63612653682769
0.05302,0.0,3.41,0,,7.079,63.1,3.4145,2,270.0,17.8,396.06,,122.99996853633093
0.7857,20.0,3.97,0,,7.014,84.6,2.1329,5,264.0,13.0,384.07,,131.5306524154623
0.08829,12.5,7.87,0,,6.012,66.6,5.5605,5,311.0,15.2,395.6,,98.02060966106423
3.47428,0.0,18.1,1,0.718,8.78,82.9,1.9047,24,666.0,20.2,354.55,,93.7433216073559
0.06076,0.0,11.93,0,,6.976,91.0,2.1675,1,273.0,21.0,396.9,,102.48170478024093
0.01301,35.0,1.52,0,,7.241,49.3,7.0379,1,284.0,15.5,394.74,,140.06420082169748
1.34284,0.0,19.58,0,,6.066,100.0,1.7573,5,403.0,14.7,353.89,,104.23346578329476
1.6566,0.0,19.58,0,0.871,6.122,97.3,1.618,5,403.0,14.7,372.8,,92.03410962108342
0.05425,0.0,4.05,0,,6.315,73.4,3.3175,5,296.0,16.6,395.6,,105.3647401896618
7.67202,0.0,18.1,0,,5.747,98.9,1.6334,24,666.0,20.2,393.1,19.92,36.41181522520689
0.08308,0.0,2.46,0,,5.604,89.8,2.9879,3,193.0,17.8,391.0,,113.14056607559466
0.40202,0.0,9.9,,,6.382,67.2,3.5325,4,304.0,18.4,395.21,,98.95412803519065
0.22489,12.5,7.87,0,,6.377,94.3,6.3467,5,311.0,15.2,392.52,20.45,64.25974310759635
20.0849,0.0,18.1,0,,4.368,91.2,1.4395,24,666.0,20.2,285.83,30.63,37.6756788895361
0.21161,0.0,8.56,0,,6.137,87.4,2.7147,5,384.0,20.9,394.47,,82.73890521244164
0.04462,25.0,4.86,0,,6.619,70.4,5.4007,4,281.0,19.0,395.63,,102.5219471514495
0.17505,0.0,5.96,0,,5.966,30.2,3.8473,5,279.0,19.2,393.43,,105.8151903183971
0.24522,0.0,9.9,0,,5.782,71.7,4.0317,4,304.0,18.4,396.9,,84.86924302557883
1.80028,0.0,19.58,0,,5.877,79.2,2.4259,5,403.0,14.7,227.61,,101.89525776008544
6.39312,0.0,18.1,0,,6.162,97.4,2.206,24,666.0,20.2,302.76,24.1,57.01312277260327
0.05561,70.0,2.24,0,,7.041,10.0,7.8278,5,358.0,14.8,371.58,,124.26905880166453
0.05372,0.0,13.92,0,,6.549,51.0,5.9604,4,289.0,16.0,392.85,,116.1960531736661
0.03768,80.0,1.52,0,,7.274,38.3,7.309,2,329.0,12.6,392.2,,148.15216877063816
9.82349,0.0,18.1,0,,6.794,98.8,1.358,24,666.0,20.2,396.9,21.24,57.05342200049336
2.15505,0.0,19.58,0,0.871,5.628,100.0,1.5166,5,403.0,14.7,169.27,,66.8375694958936
5.87205,0.0,18.1,0,,6.405,96.0,1.6768,24,666.0,20.2,396.9,19.37,53.62232891092506
2.36862,0.0,19.58,0,0.871,4.926,95.7,1.4608,5,403.0,14.7,391.71,29.53,62.58254575193668
7.36711,0.0,18.1,0,,6.193,78.1,1.9356,24,666.0,20.2,96.73,21.52,47.17557906880946
0.04297,52.5,5.32,0,,6.565,22.9,7.3172,6,293.0,16.6,371.72,,106.3524321967567
0.15038,0.0,25.65,,,5.856,97.0,1.9444,2,188.0,19.1,370.31,25.41,74.04556952600493
0.20746,0.0,27.74,0,,5.093,98.0,1.8226,4,711.0,20.1,318.43,29.68,34.732265987909976
0.11504,0.0,2.89,,,6.163,69.6,3.4952,2,276.0,18.0,391.83,,91.64449110390264
4.0974,0.0,19.58,0,0.871,5.468,100.0,1.4118,5,403.0,14.7,396.9,26.42,66.90097668683498
0.09252,30.0,4.93,0,,6.606,42.2,6.1899,6,300.0,16.6,383.78,,99.79904806561713
0.09604,40.0,6.41,0,,6.854,42.8,4.2673,4,254.0,17.6,396.9,,137.2389864892714
0.12083,0.0,2.89,0,,8.069,76.0,3.4952,2,276.0,18.0,396.9,,165.69689083530488
0.01709,90.0,2.02,0,,6.728,36.1,12.1265,5,,17.0,384.46,,128.98858708951522
0.09299,0.0,25.65,0,,5.961,92.9,2.0869,2,188.0,19.1,378.09,17.93,87.8172225492073
0.10008,0.0,2.46,0,,6.563,95.6,2.847,3,193.0,17.8,396.9,,139.33235031306575
0.02177,82.5,2.03,0,,7.61,15.7,6.27,2,,14.7,395.38,,181.30089062761513
0.33983,22.0,5.86,0,,6.108,34.9,8.0555,7,330.0,19.1,390.18,,104.23522664376836
2.37857,0.0,18.1,0,,5.871,41.9,3.724,24,666.0,20.2,370.73,,88.27563109434632
0.03537,34.0,6.09,0,,6.59,40.4,5.4917,7,329.0,16.1,395.75,,94.16646677806642
0.04301,80.0,1.91,0,,5.663,21.9,10.5857,4,334.0,22.0,382.8,,78.0382858400318
51.1358,0.0,18.1,0,,5.757,100.0,1.413,24,666.0,20.2,2.6,,64.28657778550676
9.91655,0.0,18.1,0,,5.852,77.8,1.5004,24,666.0,20.2,338.16,29.97,26.979381279296607
0.01965,80.0,1.76,0,,6.23,31.5,9.0892,1,241.0,18.2,341.6,,86.07233278610938
0.16902,0.0,25.65,0,,5.986,88.4,1.9929,2,188.0,19.1,385.02,,91.61948802567194
0.05479,33.0,2.18,0,,6.616,58.1,3.37,7,222.0,18.4,393.36,,121.777199530868
0.6147,0.0,6.2,0,,6.618,80.8,3.2721,8,307.0,17.4,396.9,,129.0534976533695
12.0482,0.0,18.1,0,,5.648,87.6,1.9512,24,666.0,20.2,291.55,,89.18315969982761
0.11425,0.0,13.89,1,,6.373,92.4,3.3633,5,276.0,16.4,393.74,,98.61412363155058
0.88125,0.0,21.89,0,,5.637,94.7,1.9799,4,437.0,21.2,396.9,18.34,61.324137374892
8.79212,0.0,18.1,0,,5.565,70.6,2.0635,24,666.0,20.2,3.65,,50.127266164530205
0.07886,80.0,4.95,0,,7.148,27.7,5.1167,4,245.0,19.2,396.9,,160.00237114570464
0.05023,35.0,6.06,0,,5.706,28.4,6.6407,1,304.0,16.9,394.02,,73.25623685678946
88.9762,0.0,18.1,0,,6.968,91.9,1.4165,24,666.0,20.2,396.9,,44.56625992485017
5.82401,0.0,18.1,0,,6.242,64.7,3.4242,24,666.0,20.2,396.9,,98.605056230759
5.20177,0.0,18.1,1,0.77,6.127,83.4,2.7227,24,666.0,20.2,395.43,,97.2826978366578
0.14103,0.0,13.92,0,,5.79,58.0,6.32,4,289.0,16.0,396.9,,86.98648351102429
0.08199,0.0,13.92,0,,6.009,42.3,5.5027,4,289.0,16.0,396.9,,93.01244196555069
6.53876,0.0,18.1,1,,7.016,97.5,1.2024,24,666.0,20.2,392.05,,214.2923353502213
13.6781,0.0,18.1,0,0.74,5.935,87.9,1.8206,24,666.0,20.2,68.95,34.02,36.00210477989878
0.12329,0.0,10.01,0,,5.913,92.9,2.3534,6,432.0,17.8,394.95,,80.63483584614265
0.0578,0.0,2.46,0,,6.98,58.4,2.829,3,193.0,17.8,396.9,,159.48548523421246
2.63548,0.0,9.9,0,,4.973,37.8,2.5194,4,304.0,18.4,350.45,,68.96979939145074
0.02498,0.0,1.89,,,6.54,59.7,6.2669,1,422.0,15.9,389.96,,70.69404829968218
0.05083,0.0,5.19,0,,6.316,38.1,6.4584,5,224.0,20.2,389.71,,95.01800474971677
4.83567,0.0,18.1,0,,5.905,53.2,3.1523,24,666.0,20.2,388.22,,88.33275490565735
8.20058,0.0,18.1,0,0.713,5.936,80.3,2.7792,24,666.0,20.2,3.5,,57.83323931871548
0.33147,0.0,6.2,0,,8.247,70.4,3.6519,8,307.0,17.4,378.95,,206.7589770594467
0.3692,0.0,9.9,0,,6.567,87.3,3.6023,4,304.0,18.4,395.69,,102.04868804927443
2.24236,0.0,19.58,0,,5.854,91.8,2.422,5,403.0,14.7,395.11,,97.34666800638067
0.32264,0.0,21.89,,,5.942,93.5,1.9669,4,437.0,21.2,378.25,,74.6368298325566
0.04666,80.0,1.52,,,7.107,36.6,7.309,2,329.0,12.6,354.31,,129.97715591287496
0.66351,20.0,3.97,0,,7.333,100.0,1.8946,5,264.0,13.0,383.29,,154.25438344112666
0.57529,0.0,6.2,0,,8.337,73.3,3.8384,8,307.0,17.4,385.91,,178.86849603926493
0.17134,0.0,10.01,0,,5.928,88.2,2.4631,6,432.0,17.8,344.91,,78.46246435209265
0.06899,0.0,25.65,0,,5.87,69.7,2.2577,2,188.0,19.1,389.15,,94.28316574870794
0.07244,60.0,1.69,0,,5.884,18.5,10.7103,4,411.0,18.3,392.33,,79.67435216186544
0.31533,0.0,6.2,0,,8.266,78.3,2.8944,8,307.0,17.4,385.05,,191.80937308916776
20.7162,0.0,18.1,0,,4.138,100.0,1.1781,24,666.0,20.2,370.22,23.34,51.003472535563006
0.06151,0.0,5.19,0,,5.968,58.5,4.8122,5,224.0,20.2,396.9,,80.1186585578974
0.25915,0.0,21.89,0,,5.693,96.0,1.7883,4,437.0,21.2,392.11,,69.3389852904356
0.01096,55.0,2.25,0,,6.453,31.9,7.3073,1,300.0,15.3,394.72,,94.24871749944725
18.0846,0.0,18.1,0,,6.434,100.0,1.8347,24,666.0,20.2,27.25,29.05,30.878383584061993
0.13117,0.0,8.56,,,6.127,85.2,2.1224,5,384.0,20.9,387.69,,87.40695588178909
18.4982,0.0,18.1,0,,4.138,100.0,1.137,24,666.0,20.2,396.9,37.97,59.15866354756566
7.52601,0.0,18.1,0,0.713,6.417,98.3,2.185,24,666.0,20.2,304.21,19.31,55.75013175697844
0.32982,0.0,21.89,0,,5.822,95.4,2.4699,4,437.0,21.2,388.69,,78.89714048466422
13.5222,0.0,18.1,0,,3.863,100.0,1.5106,24,666.0,20.2,131.42,,98.9095824110562
0.12269,0.0,6.91,0,,6.069,40.0,5.7209,3,233.0,17.9,389.39,,90.81742720963614
0.17899,0.0,9.69,0,,5.67,28.8,2.7986,6,391.0,19.2,393.29,,99.0564379366495
0.03584,80.0,3.37,0,,6.29,17.8,6.6115,4,337.0,16.1,396.9,,100.68749654297682
0.01501,90.0,1.21,1,,7.923,24.8,5.885,1,198.0,13.6,395.52,,214.24663842339191
0.05735,0.0,4.49,0,,6.63,56.1,4.4377,3,247.0,18.5,392.3,,113.86436352897965
0.1029,30.0,4.93,0,,6.358,52.9,7.0355,6,300.0,16.6,372.75,,95.16988905486264
0.05602,0.0,2.46,0,,7.831,53.6,3.1992,3,193.0,17.8,392.63,,214.271616402895
15.8603,0.0,18.1,0,,5.896,95.4,1.9096,24,666.0,20.2,7.68,24.39,35.598814178915845
1.42502,0.0,19.58,0,0.871,6.51,100.0,1.7659,5,,14.7,364.31,,99.74781111338865
0.09378,12.5,7.87,0,,5.889,39.0,5.4509,5,311.0,15.2,390.5,,92.94899239065076
0.06417,0.0,5.96,0,,5.933,68.2,3.3603,5,279.0,19.2,396.9,,81.07895594795473
0.77299,0.0,8.14,0,,6.495,94.4,4.4547,4,307.0,21.0,387.94,,78.89883003527437
1.20742,0.0,19.58,0,,5.875,94.6,2.4259,5,403.0,14.7,292.29,,74.47744660259207
3.32105,0.0,19.58,1,0.871,5.403,100.0,1.3216,5,403.0,14.7,396.9,26.82,57.362009051979555
9.59571,0.0,18.1,0,,6.404,100.0,1.639,24,666.0,20.2,376.11,20.31,51.880990843107384
0.02899,40.0,1.25,0,,6.939,34.5,8.7921,1,335.0,19.7,389.85,,113.94356069894572
0.40771,0.0,6.2,1,,6.164,91.3,3.048,8,307.0,17.4,395.24,21.46,93.07299664769766
0.12204,0.0,2.89,0,,6.625,57.8,3.4952,2,276.0,18.0,357.98,,121.79855766835065
0.04337,21.0,5.64,0,,6.115,63.0,6.8147,4,,16.8,393.97,,87.84624337516867
0.11329,30.0,4.93,0,,6.897,54.3,6.3361,6,300.0,16.6,391.25,,94.37504260498926
15.288,0.0,18.1,0,,6.649,93.3,1.3449,24,666.0,20.2,363.02,23.24,59.53691516133277
9.18702,0.0,18.1,0,,5.536,100.0,1.5804,24,666.0,20.2,396.9,23.6,48.42414368373738
0.06642,0.0,4.05,0,,6.86,74.4,2.9153,5,296.0,16.6,391.27,,128.067902079391
0.12744,0.0,6.91,0,,6.77,2.9,5.7209,3,233.0,17.9,385.41,,114.06895090972169
22.0511,0.0,18.1,0,0.74,5.818,92.4,1.8662,24,666.0,20.2,391.45,22.11,44.98666404253888
5.29305,0.0,18.1,0,,6.051,82.5,2.1678,24,666.0,20.2,378.38,18.76,99.33223001199178
0.22969,0.0,10.59,,,6.326,52.5,4.3549,4,277.0,18.6,394.87,,104.4712414144551
0.06129,20.0,3.33,1,,7.645,49.7,5.2119,5,216.0,14.9,377.07,,197.1295401724309
0.04819,80.0,3.64,0,,6.108,32.0,9.2203,1,315.0,16.4,392.89,,93.9394697513162
10.8342,0.0,18.1,0,,6.782,90.8,1.8195,24,666.0,20.2,21.57,25.79,32.1745002703019
0.06905,0.0,2.18,0,,7.147,54.2,6.0622,3,222.0,18.7,396.9,,154.95507154862378
0.01538,90.0,3.75,0,,7.454,34.2,6.3361,3,244.0,15.9,386.34,,188.66470599941434
8.24809,0.0,18.1,0,0.713,7.393,99.3,2.4527,24,666.0,20.2,375.87,,76.21052055036272
0.14866,0.0,8.56,0,,6.727,79.9,2.7778,5,384.0,20.9,394.76,,117.76563975860779
0.38214,0.0,6.2,0,,8.04,86.5,3.2157,8,307.0,17.4,387.38,,161.14266009269343
10.0623,0.0,18.1,0,,6.833,94.3,2.0882,24,666.0,20.2,81.33,19.69,60.43951952689001
0.14052,0.0,10.59,0,,6.375,32.3,3.9454,4,277.0,18.6,385.81,,120.39855220565468
12.2472,0.0,18.1,0,,5.837,59.7,1.9976,24,666.0,20.2,24.65,,43.745544898222214
2.3139,0.0,19.58,0,,5.88,97.3,2.3887,5,403.0,14.7,348.13,,81.88767258279199
0.08187,0.0,2.89,0,,7.82,36.9,3.4952,2,276.0,18.0,393.53,,187.5342552461346
0.03615,80.0,4.95,0,,6.63,23.4,5.1167,4,245.0,19.2,396.9,,119.528038155155
0.19802,0.0,10.59,0,,6.182,42.4,3.9454,4,277.0,18.6,393.63,,107.09888627097
0.17171,25.0,5.13,0,,5.966,93.4,6.8185,8,284.0,19.7,378.08,,68.59965945665476
0.22927,0.0,6.91,0,,6.03,85.5,5.6894,3,233.0,17.9,392.74,18.8,71.18515014550181
1.38799,0.0,8.14,0,,5.95,82.0,3.99,4,307.0,21.0,232.6,27.71,56.61271426511336
0.57834,20.0,3.97,0,,8.297,67.0,2.4216,5,264.0,13.0,384.54,,214.36241327993707
0.24103,0.0,7.38,0,,6.083,43.7,5.4159,5,287.0,19.6,396.9,,95.16310192393985
0.01778,95.0,1.47,0,,7.135,13.9,7.6534,3,402.0,17.0,384.3,,140.81240527376974
5.44114,0.0,18.1,0,0.713,6.655,98.2,2.3552,24,666.0,20.2,355.29,,65.17969247582458
0.95577,0.0,8.14,0,,6.047,88.8,4.4534,4,307.0,21.0,306.38,,63.4855495232388
8.64476,0.0,18.1,0,,6.193,92.6,1.7912,24,666.0,20.2,396.9,,59.19694186292922
0.537,0.0,6.2,0,,5.981,68.1,3.6715,8,307.0,17.4,378.35,,104.0880820259377
0.54011,20.0,3.97,,,7.203,81.8,2.1121,5,264.0,13.0,392.8,,144.85091449097607
0.0459,52.5,5.32,0,,6.315,45.6,7.3172,6,293.0,16.6,396.9,,95.48939795651633
1.83377,0.0,19.58,1,,7.802,98.2,2.0407,5,,14.7,389.61,,214.41296038289997
9.33889,0.0,18.1,0,,6.38,95.6,1.9682,24,666.0,20.2,60.72,24.08,40.695688863928765
0.2498,0.0,21.89,0,,5.857,98.2,1.6686,4,437.0,21.2,392.04,21.32,57.02654091090679
0.11027,25.0,5.13,0,,6.456,67.8,7.2255,8,284.0,19.7,396.9,,95.02374006557191
0.55778,0.0,21.89,0,,6.335,98.2,2.1107,4,437.0,21.2,394.67,,77.60752459364593
0.32543,0.0,21.89,0,,6.431,98.8,1.8125,4,437.0,21.2,396.9,,77.11780334110067
5.73116,0.0,18.1,0,,7.061,77.0,3.4106,24,666.0,20.2,395.28,,107.24418130966565
0.21124,12.5,7.87,0,,5.631,100.0,6.0821,5,311.0,15.2,386.63,29.93,70.71582493919252
0.30347,0.0,7.38,0,,6.312,28.9,5.4159,5,287.0,19.6,396.9,,98.57326542684902
13.0751,0.0,18.1,0,,5.713,56.7,2.8237,24,666.0,20.2,396.9,,86.06762797944116
0.01951,17.5,1.38,0,,7.104,59.5,9.2229,3,216.0,18.6,393.24,,141.52384184941792
0.04417,70.0,2.24,0,,6.871,47.4,7.8278,5,358.0,14.8,390.86,,106.28983847776634
0.63796,0.0,8.14,0,,6.096,84.5,4.4619,4,307.0,21.0,380.02,,78.02927346890762
2.44668,0.0,19.58,0,0.871,5.272,94.0,1.7364,5,403.0,14.7,88.63,,56.08882091510925
0.03359,75.0,2.95,0,,7.024,15.8,5.4011,3,252.0,18.3,395.62,,149.45246864933594
17.8667,0.0,18.1,0,,6.223,100.0,1.3861,24,666.0,20.2,393.74,21.78,43.68193090714954
3.1636,0.0,18.1,0,,5.759,48.2,3.0665,24,666.0,20.2,334.4,,85.18618477374098
11.9511,0.0,18.1,0,,5.608,100.0,1.2852,24,666.0,20.2,332.09,,119.67450422441831
0.0456,0.0,13.89,1,,5.888,56.0,3.1121,5,276.0,16.4,392.8,,99.95110506548588
0.21038,20.0,3.33,0,,6.812,32.2,4.1007,5,216.0,14.9,396.9,,150.23532225989135
9.39063,0.0,18.1,0,0.74,5.627,93.9,1.8172,24,666.0,20.2,396.9,22.88,54.85384792172743
0.10959,0.0,11.93,0,,6.794,89.3,2.3889,1,273.0,21.0,393.45,,94.30225330095304
0.03041,0.0,5.19,,,5.895,59.6,5.615,5,,20.2,394.81,,79.22385015356505
0.52058,0.0,6.2,1,,6.631,76.5,4.148,8,307.0,17.4,388.45,,107.44870964214456
0.25199,0.0,10.59,0,,5.783,72.7,4.3549,4,277.0,18.6,389.43,18.06,96.44659188003051
0.21719,0.0,10.59,1,,5.807,53.8,3.6526,4,277.0,18.6,390.94,,95.90550606395755
0.12932,0.0,13.92,0,,6.678,31.1,5.9604,4,289.0,16.0,396.9,,122.61831018541842
6.65492,0.0,18.1,0,0.713,6.317,83.0,2.7344,24,666.0,20.2,396.9,,83.62036671666932
0.21409,22.0,5.86,0,,6.438,8.9,7.3967,7,330.0,19.1,377.07,,106.29601015536667
0.27957,0.0,9.69,0,,5.926,42.6,2.3817,6,391.0,19.2,396.9,,104.88132454583398
7.83932,0.0,18.1,0,,6.209,65.4,2.9634,24,666.0,20.2,396.9,,91.78389685802578
0.1,34.0,6.09,0,,6.982,17.7,5.4917,7,329.0,16.1,390.43,,141.86864846418877
0.06211,40.0,1.25,0,,6.49,44.4,8.7921,1,335.0,19.7,396.9,,98.09887311709224
0.09065,20.0,6.96,1,,5.92,61.5,3.9175,3,223.0,18.6,391.34,,88.73061089647581
0.03445,82.5,2.03,0,,6.162,38.4,6.27,2,348.0,14.7,393.77,,103.29219687089451
1.46336,0.0,19.58,0,,7.489,90.8,1.9709,5,403.0,14.7,374.43,,214.26351204810595
0.15936,0.0,6.91,0,,6.211,6.5,5.7209,3,233.0,17.9,394.46,,105.72759550321551
0.07013,0.0,13.89,0,,6.642,85.1,3.4211,5,276.0,16.4,392.78,,123.04318174921504
14.2362,0.0,18.1,0,,6.343,100.0,1.5741,24,666.0,20.2,396.9,20.32,30.878251836188767
0.09068,45.0,3.44,0,,6.951,21.5,6.4798,5,398.0,15.2,377.68,,158.41685347411962
0.3494,0.0,9.9,,,5.972,76.7,3.1025,4,304.0,18.4,396.24,,86.95690765902225
0.65665,20.0,3.97,0,,6.842,100.0,2.0107,5,264.0,13.0,391.93,,129.0269068556081
0.13262,0.0,8.56,0,,5.851,96.7,2.1069,5,384.0,20.9,394.05,,83.63191924089021
0.04981,21.0,5.64,0,,5.998,21.4,6.8147,4,243.0,16.8,396.9,,100.27485737120129
8.15174,0.0,18.1,0,,5.39,98.9,1.7281,24,666.0,20.2,396.9,20.85,49.24166014463305
0.02731,0.0,7.07,0,,6.421,78.9,4.9671,2,242.0,17.8,396.9,,92.64943942043587
6.28807,0.0,18.1,0,0.74,6.341,96.4,2.072,24,666.0,20.2,318.01,,63.84656635106048
0.15086,0.0,27.74,0,,5.454,92.7,1.8209,4,711.0,20.1,395.09,18.06,65.08405693968963
0.21977,0.0,6.91,0,,5.602,62.0,6.0877,3,233.0,17.9,396.9,,83.15417691706125
11.8123,0.0,18.1,0,0.718,6.824,76.5,1.794,24,666.0,20.2,48.45,22.74,35.97624959002458
0.04113,25.0,4.86,0,,6.727,33.5,5.4007,4,281.0,19.0,396.9,,119.98912870543222
0.13642,0.0,10.59,0,,5.891,22.3,3.9454,4,277.0,18.6,396.9,,96.7789720721923
1.61282,0.0,8.14,0,,6.096,96.9,3.7598,4,307.0,21.0,248.31,20.34,57.902002735568665
8.49213,0.0,18.1,0,,6.348,86.1,2.0527,24,666.0,20.2,83.45,,62.10304604481125
0.82526,20.0,3.97,0,,7.327,94.5,2.0788,5,264.0,13.0,393.42,,132.8290801877492
37.6619,0.0,18.1,0,,6.202,78.7,1.8629,24,666.0,20.2,18.82,,46.68657433312743
3.69695,0.0,18.1,0,0.718,4.963,91.4,1.7523,24,666.0,20.2,316.03,,93.78120955775702
0.03932,0.0,3.41,0,,6.405,73.9,3.0921,2,270.0,17.8,393.55,,94.27963135975943
0.05497,0.0,5.19,0,,5.985,45.4,4.8122,5,224.0,20.2,396.9,,81.48790483723555
14.3337,0.0,18.1,0,,6.229,88.0,1.9512,24,666.0,20.2,383.32,,91.61118003657916
0.0536,21.0,5.64,0,,6.511,21.1,6.8147,4,243.0,16.8,396.9,,107.14931851810758
0.03113,0.0,4.39,0,,6.014,48.5,8.0136,3,352.0,18.8,385.64,,74.97865092116241
0.55007,20.0,3.97,0,,7.206,91.6,1.9301,5,264.0,13.0,387.89,,156.23487524872377
0.10612,30.0,4.93,0,,6.095,65.1,6.3361,6,300.0,16.6,394.62,,86.06837267706234
0.62976,0.0,8.14,0,,5.949,61.8,4.7075,4,307.0,21.0,396.9,,87.41859391509344
0.25356,0.0,9.9,0,,5.705,77.7,3.945,4,304.0,18.4,396.42,,69.40166024965988
0.0566,0.0,3.41,,,7.007,86.3,3.4217,2,270.0,17.8,396.9,,101.22193723778894
22.5971,0.0,18.1,0,,5.0,89.5,1.5184,24,666.0,20.2,396.9,31.99,31.726234519957263
0.22188,20.0,6.96,1,,7.691,51.8,4.3665,3,223.0,18.6,390.77,,150.82150427262926
2.01019,0.0,19.58,0,,7.929,96.2,2.0459,5,403.0,14.7,369.3,,214.11502684151574
0.06617,0.0,3.24,0,,5.868,25.8,5.2146,4,430.0,16.9,382.44,,82.62238547103524
0.23912,0.0,9.69,,,6.019,65.3,2.4091,6,391.0,19.2,396.9,,90.75980852101517
0.97617,0.0,21.89,0,,5.757,98.4,2.346,4,437.0,21.2,262.76,,66.795105542148
0.07503,33.0,2.18,0,,7.42,71.9,3.0992,7,222.0,18.4,396.9,,143.17077311916992
5.69175,0.0,18.1,0,,6.114,79.8,3.5459,24,666.0,20.2,392.68,,81.9121484165166
0.47547,0.0,9.9,0,,6.113,58.8,4.0019,4,304.0,18.4,396.23,,89.98764919309322
0.12757,30.0,4.93,0,,6.393,7.8,7.0355,6,300.0,16.6,374.71,,101.63068145253833
0.0136,75.0,4.0,0,,5.888,47.6,7.3197,3,469.0,21.1,396.9,,80.94118410654285
4.22239,0.0,18.1,1,0.77,5.803,89.0,1.9047,24,666.0,20.2,353.04,,71.94282999328784
0.08873,21.0,5.64,0,,5.963,45.7,6.8147,4,243.0,16.8,395.56,,84.3586158325382
3.69311,0.0,18.1,0,0.713,6.376,88.4,2.5671,24,666.0,20.2,391.43,,75.8482584414499
0.08447,0.0,4.05,0,,5.859,68.7,2.7019,5,296.0,16.6,393.23,,96.94598162673307
10.6718,0.0,18.1,0,0.74,6.459,94.8,1.9879,24,666.0,20.2,43.06,23.98,50.5936026306949
0.0837,45.0,3.44,0,,7.185,38.9,4.5667,5,398.0,15.2,396.9,,149.40381640715177
0.04527,0.0,11.93,0,,6.12,76.7,2.2875,1,273.0,21.0,396.9,,88.29026894523939
5.82115,0.0,18.1,0,0.713,6.513,89.9,2.8016,24,666.0,20.2,393.82,,86.54303414249068
0.07875,45.0,3.44,,,6.782,41.1,3.7886,5,398.0,15.2,393.87,,137.01095863624937
2.44953,0.0,19.58,0,,6.402,95.2,2.2625,5,403.0,14.7,330.04,,95.65880177371714
0.15445,25.0,5.13,0,,6.145,29.2,7.8148,8,284.0,19.7,390.68,,99.93310262249477
0.25387,0.0,6.91,0,,5.399,95.3,5.87,3,233.0,17.9,396.9,30.81,61.7473108349467
0.03049,55.0,3.78,0,,6.874,28.1,6.4654,5,370.0,17.6,387.97,,133.58147604929238
0.33045,0.0,6.2,0,,6.086,61.5,3.6519,8,307.0,17.4,376.75,,102.93180803659672
0.08221,22.0,5.86,0,,6.957,6.8,8.9067,7,330.0,19.1,386.09,,126.77645542235585
0.85204,0.0,8.14,0,,5.965,89.2,4.0123,4,307.0,21.0,392.53,,83.94234406655659
0.26938,0.0,9.9,0,,6.266,82.8,3.2628,4,304.0,18.4,393.39,,92.4989310922952
6.80117,0.0,18.1,0,0.713,6.081,84.4,2.7175,24,666.0,20.2,396.9,,85.74937514322716
1.27346,0.0,19.58,1,,6.25,92.6,1.7984,5,403.0,14.7,338.92,,115.79063663910462
0.10469,40.0,6.41,1,,7.267,49.0,4.7872,4,254.0,17.6,389.25,,142.23997357087353
9.96654,0.0,18.1,0,0.74,6.485,100.0,1.9784,24,666.0,20.2,386.73,18.85,65.93794043531199
0.06911,45.0,3.44,0,,6.739,30.8,6.4798,5,398.0,15.2,389.71,,130.67837655855462
16.8118,0.0,18.1,0,,5.277,98.1,1.4261,24,666.0,20.2,396.9,30.81,30.826335050066838
0.08265,0.0,13.92,0,,6.127,18.4,5.5027,4,289.0,16.0,396.9,,102.49425262479257
28.6558,0.0,18.1,0,,5.155,100.0,1.5894,24,666.0,20.2,210.97,20.08,69.86260748939857
0.02543,55.0,3.78,0,,6.696,56.4,5.7321,5,370.0,17.6,396.9,,102.45198430594878
0.61154,20.0,3.97,0,,8.704,86.9,1.801,5,264.0,13.0,389.7,,214.30612899294056
0.49298,0.0,9.9,0,,6.635,82.5,3.3175,4,304.0,18.4,396.9,,97.64871883252277
2.73397,0.0,19.58,0,0.871,5.597,94.9,1.5257,5,403.0,14.7,351.85,21.45,65.97107628810248
0.34006,0.0,21.89,0,,6.458,98.9,2.1185,4,437.0,21.2,395.04,,82.25129303259749
1.49632,0.0,19.58,0,0.871,5.404,100.0,1.5916,5,403.0,14.7,341.6,,84.04901653769186
4.26131,0.0,18.1,0,0.77,6.112,81.3,2.5091,24,666.0,20.2,390.74,,96.8500187197275
0.0686,0.0,2.89,0,,7.416,62.5,3.4952,2,276.0,18.0,396.9,,142.20689094774346
8.26725,0.0,18.1,1,,5.875,89.6,1.1296,24,666.0,20.2,347.88,,214.1986894942322
0.07151,0.0,4.49,0,,6.121,56.8,3.7476,3,247.0,18.5,395.15,,95.13056954253848
7.75223,0.0,18.1,0,0.713,6.301,83.7,2.7831,24,666.0,20.2,272.21,,63.85386272152615
0.04544,0.0,3.24,0,,6.144,32.2,5.8736,4,430.0,16.9,368.57,,84.8058053152259
0.28955,0.0,10.59,0,,5.412,9.8,3.5875,4,277.0,18.6,348.93,29.55,101.59726822044716
3.77498,0.0,18.1,0,,5.952,84.7,2.8715,24,666.0,20.2,22.01,,81.50138540570634
0.07165,0.0,25.65,0,,6.004,84.1,2.1974,2,188.0,19.1,377.67,,86.90751630292641
0.04741,0.0,11.93,0,,6.03,80.8,2.505,1,273.0,21.0,396.9,,50.95279803969646
1.25179,0.0,8.14,0,,5.57,98.1,3.7979,4,307.0,21.0,376.57,21.02,58.28811876068804
0.12579,45.0,3.44,,,6.556,29.1,4.5667,5,398.0,15.2,382.84,,127.60470297228434
0.15876,0.0,10.81,0,,5.961,17.5,5.2873,4,305.0,19.2,376.94,,92.88368665394682
0.1712,0.0,8.56,0,,5.836,91.9,2.211,5,384.0,20.9,395.67,18.66,83.64745648119606
0.29916,20.0,6.96,0,,5.856,42.1,4.429,3,223.0,18.6,388.65,,90.40912785392962
0.01501,80.0,2.01,0,,6.635,29.7,8.344,4,280.0,17.0,390.94,,104.92186930660849
11.1604,0.0,18.1,0,0.74,6.629,94.6,2.1247,24,666.0,20.2,109.85,23.27,57.4275008162647
0.22876,0.0,8.56,0,,6.405,85.4,2.7147,5,384.0,20.9,70.8,,79.62768514145213
